pm25,pm10,no2,o3,co,dci,log_pm25,log_pm10,log_no2,log_o3,log_co,hei,obi,cop,sas,log_pm25_roll3,log_pm25_roll6,log_pm25_lag1,log_no2_roll3,log_no2_roll6,log_no2_lag1,hei_roll3,hei_roll6,hei_lag1,clean_cooking_access,electrification_rate,urban_population_pct,country,year,month,Climate_Action,xgb_pred
13.738796992481202,20.02781954887218,7.619277108433734,36.79548872180451,513.9834586466166,0.8938172043010753,2.6904832682663944,3.0458463014514905,2.1540012190283195,3.632189749519236,6.244134781015123,1.4469257162842206,0.3679548872180451,0.1284958646616541,0.0,2.6904832682663944,2.6904832682663944,2.6904832682663944,2.1540012190283195,2.1540012190283195,2.1540012190283195,1.4469257162842206,1.4469257162842206,1.4469257162842206,52.15,92.3,40.374616187368,Cambodia,2022,8,4.0,3.991344
16.533055555555556,23.87527777777778,10.791527777777777,35.5,706.1888888888889,1.0,2.864087988111019,3.213874449928147,2.4673812886629087,3.597312260588446,6.561297799787238,1.8890046494348336,0.355,0.1765472222222222,0.0,2.7772856281887064,2.7772856281887064,2.6904832682663944,2.310691253845614,2.310691253845614,2.1540012190283195,1.6679651828595272,1.6679651828595272,1.4469257162842206,52.15,92.3,40.374616187368,Cambodia,2022,9,4.0,3.998501
20.90067204301076,30.704032258064515,9.549193548387096,55.75537634408602,689.8481182795699,1.0,3.08651732324709,3.456443873363787,2.3560494160891445,4.038750389214936,6.537919999723287,1.9979217333523,0.5575537634408602,0.1724620295698924,0.0,2.8803628598748343,2.8803628598748343,2.864087988111019,2.3258106412601243,2.3258106412601243,2.4673812886629087,1.7779506996904513,1.7779506996904513,1.8890046494348336,52.15,92.3,40.374616187368,Cambodia,2022,10,4.0,3.9944263
23.92055555555556,34.85222222222222,12.3575,55.44583333333333,845.2236111111112,1.0,3.215692987232374,3.5794055517974,2.592078024849789,4.033281476238745,6.740783640415148,2.4314533319715506,0.5544583333333333,0.2113059027777777,0.0,3.055432766196828,2.9641953917142194,3.08651732324709,2.471836243200614,2.3923774871575407,2.3560494160891445,2.1061265715862283,1.9413263577607265,1.9979217333523,52.15,92.3,40.374616187368,Cambodia,2022,11,4.0,4.019137
16.349865591397847,24.228494623655912,10.119623655913978,56.803763440860216,722.7836021505376,1.0,2.853584759469365,3.2279740947474624,2.408711444357091,4.057053884992242,6.584492455651314,1.8190903584469005,0.5680376344086021,0.1806959005376344,-0.4743067286473693,3.0519316899829434,2.942073265265248,3.215692987232374,2.452279628432008,2.3956442785974508,2.592078024849789,2.082821807923584,1.9168791578979607,2.4314533319715506,52.15,92.3,40.374616187368,Cambodia,2022,12,4.0,3.975009
20.29247311827957,29.734543010752688,10.153091397849462,69.31586021505376,835.3763440860215,1.0,3.058353635535158,3.4253872015564752,2.4117167148904564,4.252997380982055,6.729078684139228,2.0299326799590958,0.6931586021505376,0.2088440860215053,0.5592256234461311,3.042543794078966,2.9614533269769,2.853584759469365,2.470835394699112,2.398323017979618,2.408711444357091,2.0934921234591823,1.9357214115748167,1.8190903584469005,58.0,95.0,40.6290788072508,Cambodia,2023,1,4.0,3.9996052
30.001934523809524,44.23556547619047,13.99732142857143,75.09375,942.0535714285714,1.0,3.434049606531953,3.811883624254892,2.7078716137278627,4.331966132716964,6.849123090594162,2.898091513422984,0.7509375,0.2355133928571428,2.4621811980880057,3.115329333845492,3.08538105002116,3.058353635535158,2.50943325765847,2.490634750429542,2.4117167148904564,2.249038183942993,2.177582377764611,2.0299326799590958,58.0,95.0,40.6290788072508,Cambodia,2023,2,4.0,4.0049796
29.249059139784944,43.32876344086021,10.618682795698923,79.6236559139785,742.4637096774194,1.0,3.4094650811761213,3.7916337539591582,2.452614388345998,4.389792104142601,6.6113199545911625,2.492334171326208,0.796236559139785,0.1856159274193548,1.5206759033896249,3.3006227744144105,3.176277232198677,3.434049606531953,2.524067572321439,2.488173600376724,2.7078716137278627,2.4734527882360955,2.27813729807984,2.898091513422984,58.0,95.0,40.6290788072508,Cambodia,2023,3,4.0,3.9943275
33.41555555555556,49.08402777777778,8.412916666666668,81.94583333333334,679.5375,1.0,3.538508658551809,3.913702150430335,2.242082859521185,4.418187784311942,6.52288292711252,2.371169687134429,0.8194583333333334,0.169884375,1.7245535003728891,3.4606744487532946,3.2516091214161302,3.4094650811761213,2.467522953865015,2.4691791742820635,2.452614388345998,2.5871984572945403,2.3403452903768613,2.492334171326208,58.0,95.0,40.6290788072508,Cambodia,2023,4,4.0,3.9955068
21.12298387096774,31.48978494623656,9.007930107526882,58.170698924731184,603.0994623655914,1.0,3.096617062265872,3.480925730583589,2.303377789479841,4.080426468765725,6.403738857168453,1.9507658105067096,0.5817069892473118,0.1507748655913978,-0.1062272174830987,3.3481969339979343,3.231763133921713,3.538508658551809,2.3326916791156744,2.4210624683870723,2.242082859521185,2.271423222989116,2.2602307034660547,2.371169687134429,58.0,95.0,40.6290788072508,Cambodia,2023,5,4.0,4.008726
14.722916666666666,21.601388888888888,8.226666666666667,38.543055555555554,524.5375,1.0,2.755119308382932,3.118011359650513,2.222097842081359,3.677390092337784,6.264421548379903,1.5564095076667823,0.3854305555555555,0.131134375,-1.3320828133541784,3.1300816764002044,3.215352225407308,3.096617062265872,2.2558528303607948,2.389960201341117,2.303377789479841,1.9594483351026408,2.216450561669368,1.9507658105067096,58.0,95.0,40.6290788072508,Cambodia,2023,6,4.0,4.00711
10.42755376344086,15.356048387096774,4.981182795698925,43.45295698924731,216.752688172043,1.0,2.43602743595484,2.79459776086784,1.788618340327194,3.794431483689866,5.383359960878193,1.0192306059737135,0.4345295698924731,0.0541881720430107,-2.2917652356667566,2.762587935534548,3.1116311921439213,2.755119308382932,2.1046979906294645,2.28611047224724,2.222097842081359,1.508801974715735,2.048000216005138,1.5564095076667823,58.0,95.0,40.6290788072508,Cambodia,2023,7,4.0,3.9966373
8.291129032258064,12.51760752688172,4.075268817204301,36.77150537634409,186.45430107526883,1.0,2.229060077438971,2.6039930968850125,1.6243794924322994,3.631554992333194,5.233535088105501,0.8220532781344353,0.3677150537634409,0.0466135752688172,-2.434128737638988,2.473402273925581,2.9107996039617574,2.43602743595484,1.878365224946951,2.105528452031313,1.788618340327194,1.1325644639249772,1.7019938434570463,1.0192306059737135,58.0,95.0,40.6290788072508,Cambodia,2023,8,4.0,4.007821
10.688472222222222,15.564027777777778,5.539722222222222,41.75694444444444,252.41666666666663,1.0,2.4586030759442097,2.8072333426788827,1.8778946909007488,3.755531625335209,5.535035037889364,1.088220263467368,0.4175694444444444,0.0631041666666666,-1.3623136213703222,2.37456352977934,2.752322603089772,2.229060077438971,1.7636308412200803,2.0097418357904377,1.6243794924322994,0.9765013825251724,1.4679748588139063,0.8220532781344353,58.0,95.0,40.6290788072508,Cambodia,2023,9,4.0,4.00416
14.758198924731182,21.43266129032258,6.45241935483871,58.5268817204301,336.51612903225805,1.0,2.757360796473427,3.110517990193096,2.008538725288958,4.086428004144249,5.821613298895901,1.3800441180230096,0.585268817204301,0.0841290322580645,-0.4872148260875217,2.4816746499522027,2.6221312927433758,2.4586030759442097,1.8369376362073355,1.9708178134184,1.8778946909007488,1.0967725532082708,1.302787263962003,1.088220263467368,58.0,95.0,40.6290788072508,Cambodia,2023,10,4.0,4.002215
11.29375,16.983472222222222,4.745694444444444,58.725,283.5736111111111,1.0,2.5090910031552323,2.8894531262067047,1.74845078205377,4.089750693211873,5.650991958626977,1.0353423263051158,0.58725,0.0708934027777777,-1.002406239928899,2.575018291857623,2.5242102828916018,2.757360796473427,1.8782947327478252,1.878329978847388,2.008538725288958,1.1678689025984976,1.1502166832617375,1.3800441180230096,58.0,95.0,40.6290788072508,Cambodia,2023,11,4.0,4.005297
15.201209677419357,22.233736559139786,7.908602150537634,56.575268817204304,415.9986559139785,1.0,2.7850859108962043,3.145605384434412,2.1870173437133618,4.053093114687674,6.033082998565738,1.5506148428646762,0.565752688172043,0.1039996639784946,-0.2143147064394574,2.683845903508288,2.529204716643814,2.5090910031552323,1.9813356170186964,1.872483229119389,1.74845078205377,1.322000429064267,1.1492509057947198,1.0353423263051158,58.0,95.0,40.6290788072508,Cambodia,2023,12,4.0,4.007244
74.25473684210526,107.54962406015038,93.22646616541353,107.46636085626912,2852.3804511278195,0.8938172043010753,4.320878849715682,4.687207433030882,4.545701099291238,4.68644008671767,7.956259693577067,11.766483511935254,1.0746636085626913,0.7130951127819549,0.0,4.320878849715682,4.320878849715682,4.320878849715682,4.545701099291238,4.545701099291238,4.545701099291238,11.766483511935254,11.766483511935254,11.766483511935254,88.8,100.0,57.4934704226599,Indonesia,2022,8,9.0,9.000863
69.84361111111112,101.03583333333334,99.40777777777778,99.63649025069638,2906.3597222222224,1.0,4.260474787209875,4.625324058779891,4.609239672163299,4.611514918046476,7.975000636357783,11.783885753460838,0.996364902506964,0.7265899305555557,0.0,4.290676818462779,4.290676818462779,4.320878849715682,4.577470385727269,4.577470385727269,4.545701099291238,11.775184632698046,11.775184632698046,11.766483511935254,88.8,100.0,57.4934704226599,Indonesia,2022,9,9.0,9.001073
56.11451612903225,80.82056451612904,87.29139784946237,77.16666666666667,2742.3064516129034,1.0,4.045058307278051,4.4045286119657066,4.48064268326593,4.358843299218225,7.916919206028958,9.89779223114875,0.7716666666666667,0.6855766129032258,0.0,4.208803981401203,4.208803981401203,4.260474787209875,4.545194484906822,4.545194484906822,4.609239672163299,11.149387165514948,11.149387165514948,11.783885753460838,88.8,100.0,57.4934704226599,Indonesia,2022,10,9.0,9.000481
51.65916666666666,74.47680555555556,77.04819444444443,65.30416666666666,2597.3083333333334,1.0,3.963840329155002,4.3238253978712615,4.3573265133747645,4.194252740868192,7.862615871225203,8.92215839152309,0.6530416666666666,0.6493270833333333,0.0,4.0897911412143095,4.147563068339653,4.045058307278051,4.482402956267998,4.498227492023808,4.48064268326593,10.201278792044226,10.592579972016985,9.89779223114875,88.8,100.0,57.4934704226599,Indonesia,2022,11,9.0,8.995703
39.248521505376345,56.85954301075269,62.5247311827957,54.009408602150536,2212.766129032258,1.0,3.6950732704042255,4.058018401327249,4.151429297521489,4.007504236096084,7.70245047491229,7.005716603525769,0.5400940860215053,0.5531915322580645,-2.656368405258096,3.9013239689457593,4.057065108752568,3.963840329155002,4.3297994980540615,4.428867853123344,4.3573265133747645,8.60855574206587,9.87520729831874,8.92215839152309,88.8,100.0,57.4934704226599,Indonesia,2022,12,9.0,9.015449
30.50295698924732,44.35954301075269,52.18776881720429,36.689516129032256,1909.7728494623657,1.0,3.450081414100341,3.8146205846498895,3.9738284604633214,3.629381969017601,7.555263072425098,5.642483970018815,0.3668951612903225,0.4774432123655914,-2.423835655427831,3.702998337886523,3.955901159643863,3.6950732704042255,4.160861423786525,4.353027954346674,4.151429297521489,7.190119655022559,9.169753410268752,7.005716603525769,90.6,99.4,58.1179353397878,Indonesia,2023,1,9.0,8.99
26.722619047619045,38.93928571428572,48.63869047619048,28.007440476190474,1761.2916666666667,1.0,3.3222486520958765,3.687360443858939,3.9047705795732575,3.367552365222996,7.474370324390169,5.0985354692701605,0.2800744047619047,0.4403229166666667,-1.897009070895228,3.4891344455334807,3.789462793373895,3.450081414100341,4.010009445852689,4.246206201060343,3.9738284604633214,5.915578680938249,8.058428736491237,5.642483970018815,90.6,99.4,58.1179353397878,Indonesia,2023,2,9.0,8.997325
50.9111559139785,73.54704301075269,78.88266129032257,62.41666666666666,2800.2110215053763,1.0,3.9495337172463607,4.31143037591373,4.380558824095832,4.149726708073685,7.9378071103393,8.962150933633254,0.6241666666666665,0.700052755376344,0.2170413339441128,3.5739545944808597,3.737639281713309,3.3222486520958765,4.086385954710804,4.208092726382432,3.9047705795732575,6.567723457640743,7.588139599853306,5.0985354692701605,90.6,99.4,58.1179353397878,Indonesia,2023,3,9.0,9.00325
51.14972222222222,74.09611111111111,75.12402777777778,68.38888888888889,2914.2305555555554,1.0,3.9541188549172017,4.318768774621206,4.332363954556424,4.239726752229413,7.977704188471863,8.766496624134227,0.6838888888888889,0.7285576388888888,0.2171558411087889,3.741967074753146,3.7224827063198354,3.9495337172463607,4.2058977860751705,4.183379604930848,4.380558824095832,7.609061009012547,7.399590332017553,8.962150933633254,90.6,99.4,58.1179353397878,Indonesia,2023,4,9.0,9.004513
78.9255376344086,113.8377688172043,105.5095430107527,93.28763440860214,3297.32123655914,1.0,4.381095421659704,4.743520426443473,4.668234586869893,4.546350050697515,8.101168901820389,12.905345720037426,0.9328763440860216,0.824330309139785,1.469184601964638,4.094915997941089,3.7920252217372847,3.9541188549172017,4.460385788507383,4.235197617180036,4.332363954556424,10.211331092601634,8.063454886769941,8.766496624134227,90.6,99.4,58.1179353397878,Indonesia,2023,5,9.0,8.993319
83.7351388888889,120.65777777777778,105.255,93.34305555555557,3589.2930555555554,1.0,4.439530378541046,4.801212002884686,4.665841865520824,4.546937666090945,8.18598910922466,13.276702936911713,0.9334305555555557,0.8973232638888888,1.4225352184310067,4.258248218372651,3.9161014064267543,4.381095421659704,4.555480135649048,4.320933045179926,4.668234586869893,11.649515093694454,9.108619275667598,12.905345720037426,90.6,99.4,58.1179353397878,Indonesia,2023,6,9.0,8.994445
83.16895161290323,120.01680107526882,64.18131720430108,94.91935483870968,2381.939516129032,1.0,4.432826107554886,4.79592938781944,4.177172881924171,4.563507784661502,7.776090095378825,10.332369394303427,0.9491935483870968,0.595484879032258,1.2239893475410566,4.417817302585212,4.07989218866918,4.439530378541046,4.503749778104964,4.354823782090066,4.665841865520824,12.171472683750856,9.8902668463817,13.276702936911713,90.6,99.4,58.1179353397878,Indonesia,2023,7,9.0,9.016067
76.6125,111.41263440860214,56.46854838709677,100.56182795698923,1945.506720430108,1.0,4.351728496691012,4.722176336913017,4.05123781358044,4.6206677554632885,7.573791619615887,9.301824190239731,1.0056182795698922,0.486376680107527,0.8877600236888273,4.408028327595648,4.251472162768368,4.432826107554886,4.298084187008478,4.379234987757931,4.177172881924171,10.970298840484958,10.590814966543295,10.332369394303427,90.6,99.4,58.1179353397878,Indonesia,2023,8,9.0,8.992028
69.41680555555556,100.81625,53.99805555555555,106.74861111111112,1871.225,1.0,4.254431949953816,4.623169718096491,4.007297831072166,4.679800838980699,7.534882842122712,8.658374585195638,1.0674861111111111,0.46780625,0.618305754704005,4.346328851399904,4.302288534886277,4.351728496691012,4.0785695088589256,4.317024822253987,4.05123781358044,9.4308560565796,10.540185575137029,9.301824190239731,90.6,99.4,58.1179353397878,Indonesia,2023,9,9.0,8.999282
67.28051075268817,97.39717741935485,51.36693548387097,103.10349462365592,1853.9005376344087,1.0,4.223624378166104,4.589012118884138,3.958275389945108,4.645385544929282,7.525586355078086,8.31383624466494,1.0310349462365591,0.4634751344086021,0.538710912529931,4.276594941603644,4.347206122094428,4.254431949953816,4.005603678199238,4.2546767281521,4.007297831072166,8.758011673366768,10.464742178558812,8.658374585195638,90.6,99.4,58.1179353397878,Indonesia,2023,10,9.0,9.005295
75.90958333333333,109.10125,55.76430555555556,102.68611111111112,1888.361111111111,1.0,4.342630489466631,4.701400396979354,4.038907704868725,4.641368172910847,7.543994014457341,9.201136016378529,1.0268611111111112,0.4720902777777778,0.8044260232987929,4.27356227252885,4.34079530006225,4.223624378166104,4.001493641962,4.149788914485239,3.958275389945108,8.72444894874637,9.847373894615664,8.31383624466494,90.6,99.4,58.1179353397878,Indonesia,2023,11,9.0,9.001178
69.64018817204301,98.03736559139786,54.95134408602151,90.69489247311829,1872.7956989247311,1.0,4.2575992201093005,4.595497209141863,4.024482457454579,4.518466679490041,7.535721438138603,8.748510664629976,0.9069489247311828,0.4681989247311828,0.4880485649986549,4.274618029247345,4.310473440323626,4.342630489466631,4.007221850756138,4.042895679807532,4.038907704868725,8.754494308557815,9.092675182568708,9.201136016378529,90.6,99.4,58.1179353397878,Indonesia,2023,12,9.0,8.994929
40.63825301204819,58.5796686746988,75.11521084337349,73.17310664605873,2002.1355421686744,0.8924731182795699,3.729019288304888,4.087314386254212,4.332248124570752,4.306401640351391,7.602469002956303,7.813515141479355,0.7317310664605873,0.5005338855421686,0.0,3.729019288304888,3.729019288304888,3.729019288304888,4.332248124570752,4.332248124570752,4.332248124570752,7.813515141479355,7.813515141479355,7.813515141479355,85.3,100.0,75.9741357073003,Malaysia,2022,8,22.0,21.995617
44.47069444444445,64.53027777777778,77.92083333333333,68.66434540389972,2375.447222222222,1.0,3.8170680403053936,4.182512291983025,4.368445240314751,4.243688643180344,7.773361887611466,8.324894678040256,0.6866434540389972,0.5938618055555556,0.0,3.773043664305141,3.773043664305141,3.729019288304888,4.350346682442751,4.350346682442751,4.332248124570752,8.069204909759804,8.069204909759804,7.813515141479355,85.3,100.0,75.9741357073003,Malaysia,2022,9,22.0,22.008944
35.303225806451614,51.19260752688172,69.05497311827958,55.06720430107527,2034.0725806451608,1.0,3.5919066025140323,3.95494086660081,4.24928026410004,4.026551048023489,7.618286763405371,6.982640344530241,0.5506720430107527,0.5085181451612902,0.0,3.712664643708104,3.712664643708104,3.8170680403053936,4.316657876328514,4.316657876328514,4.368445240314751,7.707016721349951,7.707016721349951,8.324894678040256,85.3,100.0,75.9741357073003,Malaysia,2022,10,22.0,21.998564
34.060694444444444,49.33694444444444,64.65833333333333,61.31666666666667,1777.2805555555556,1.0,3.557080686611372,3.918739289502702,4.184464528463642,4.132228912755013,7.483402196401782,6.636727710180226,0.6131666666666667,0.4443201388888889,0.0,3.655351776476933,3.673768654433921,3.5919066025140323,4.267396677626144,4.283609539362296,4.24928026410004,7.314754244250241,7.43944446855752,6.982640344530241,85.3,100.0,75.9741357073003,Malaysia,2022,11,22.0,21.996616
30.617473118279573,44.31935483870968,62.50698924731182,51.51881720430107,1811.1975806451608,1.0,3.4537099145551253,3.81373420037246,4.151149966728531,3.9611715283184887,7.502295520749635,6.186769856692845,0.5151881720430107,0.4527993951612902,-1.8190436863243384,3.534232401226843,3.6297569064581614,3.557080686611372,4.194964919764071,4.257117624835543,4.184464528463642,6.6020459704677705,7.188909546184584,6.636727710180226,85.3,100.0,75.9741357073003,Malaysia,2022,12,22.0,21.996151
37.17016129032258,53.82204301075269,72.7877688172043,56.08467741935484,2308.9274193548385,1.0,3.642054092326481,4.004092357797014,4.301192983686776,4.044535734229515,7.744971382829504,7.355994979468374,0.5608467741935484,0.5772318548387096,0.0855512026479028,3.5509482311643263,3.631806437436216,3.4537099145551253,4.212269159626317,4.264463517977416,4.151149966728531,6.726497515447147,7.21675711839855,6.186769856692845,83.8,100.0,76.4434752105739,Malaysia,2023,1,22.0,22.000309
37.25252976190476,54.23497023809525,63.72857142857143,66.625,1973.9880952380952,1.0,3.64420969565169,4.011596271500797,4.170202702617779,4.213977737166646,7.588317649589508,6.890646564476414,0.66625,0.4934970238095238,0.0964007296042172,3.5799912341777653,3.617671505327349,3.642054092326481,4.207515217677695,4.23745594765192,4.301192983686776,6.811137133545877,7.062945688898059,7.355994979468374,83.8,100.0,76.4434752105739,Malaysia,2023,2,22.0,21.994976
41.240725806451614,59.92271505376344,65.54798387096774,67.24193548387096,2134.881720430108,1.0,3.74338482216827,4.109606094561164,4.19792324943057,4.223059265674976,7.666634824216397,7.352885732810341,0.6724193548387096,0.533720430107527,0.9341519147271482,3.676549536715481,3.6053909689711614,3.64420969565169,4.223106311911708,4.20903561583789,4.170202702617779,7.199842425585043,6.900944198026408,6.890646564476414,83.8,100.0,76.4434752105739,Malaysia,2023,3,22.0,22.00652
49.02777777777778,71.07625,62.458194444444445,85.89861111111111,1898.493055555556,1.0,3.912578406719846,4.277724586419516,4.150381333882094,4.464742049532704,7.54934231668815,7.825837306797857,0.8589861111111111,0.474623263888889,2.295862985900392,3.7667243081799353,3.658836269672131,3.74338482216827,4.172835761976814,4.192552460801565,4.19792324943057,7.356456534694871,7.04147702507101,7.352885732810341,83.8,100.0,76.4434752105739,Malaysia,2023,4,22.0,22.002357
41.58790322580646,60.41451612903226,55.718413978494624,72.88575268817205,1581.1263440860216,1.0,3.751570251115,4.117646226250133,4.038098919535575,4.302520017597097,7.366525008657023,6.80766040344707,0.7288575268817205,0.3952815860215054,0.5355819721426937,3.802511160001039,3.6912511970894015,3.912578406719846,4.128801167616079,4.168158192646888,4.150381333882094,7.328794481018423,7.069965807282149,7.825837306797857,83.8,100.0,76.4434752105739,Malaysia,2023,5,22.0,22.001986
45.38791666666667,65.97083333333333,67.89833333333334,71.4375,1854.4444444444443,1.0,3.837039008651234,4.20425720122715,4.232631988080208,4.282724121099971,7.525879539036213,7.850813836971157,0.714375,0.4636111111111111,1.1421519623887193,3.833729222162027,3.7551393794387535,3.751570251115,4.140370747165959,4.181738529538833,4.038098919535575,7.494770515738694,7.347306470661869,6.80766040344707,83.8,100.0,76.4434752105739,Malaysia,2023,6,22.0,21.973295
41.99529569892473,61.88306451612903,53.19126344086022,50.66532258064516,1351.5577956989248,1.0,3.761090707358101,4.141276882876921,3.992519704324874,3.944786813344594,7.209752742302213,6.683985093936594,0.5066532258064516,0.3378894489247312,0.4662349713574284,3.7832333223747785,3.774978815277356,3.837039008651234,4.087750203980219,4.130292982978516,4.232631988080208,7.114153111451607,7.235304823073239,7.850813836971157,83.8,100.0,76.4434752105739,Malaysia,2023,7,22.0,22.002438
44.66841397849463,64.62701612903226,52.35470430107527,46.23790322580645,1453.520161290323,1.0,3.8214068987308334,4.1839874424060834,3.976962151949812,3.8551966047769137,7.282431339159452,6.839008123174154,0.4623790322580645,0.3633800403225807,0.9078235618994768,3.8065122049133895,3.804511682457214,3.761090707358101,4.067371281451631,4.098086224533856,3.992519704324874,7.124602351360635,7.226698416189529,6.683985093936594,83.8,100.0,76.4434752105739,Malaysia,2023,8,22.0,22.014809
41.39013888888889,60.01680555555556,46.73763888888889,52.91111111111111,1291.3708333333334,1.0,3.746915761813269,4.111149327140651,3.865720161976863,3.987336599733676,7.16423366586323,6.220092225923738,0.5291111111111111,0.3228427083333333,0.2667142919572464,3.776471122634068,3.8051001723980473,3.8214068987308334,3.945067339417184,4.042719043291571,3.976962151949812,6.581028481011496,7.037899498375094,6.839008123174154,83.8,100.0,76.4434752105739,Malaysia,2023,9,22.0,21.975891
45.516801075268816,65.29825268817204,48.359005376344086,56.02956989247312,1398.5564516129032,1.0,3.839813560781967,4.194163542216655,3.899120228995895,4.043569903363279,7.243910645128706,6.634978866451512,0.5602956989247312,0.3496391129032258,1.0290867979375544,3.8027120737753566,3.7929726980750673,3.746915761813269,3.91393418097419,4.000842192477205,3.865720161976863,6.5646930718498,6.839423091650704,6.220092225923738,83.8,100.0,76.4434752105739,Malaysia,2023,10,22.0,22.007143
30.263472222222223,43.61819444444444,42.33555555555555,40.22361111111111,1103.3569444444445,1.0,3.4424503943918263,3.7981417230230416,3.7689734425238752,3.7190111774260006,7.007018493823794,5.062056715541424,0.4022361111111111,0.2758392361111111,-2.1668550655639627,3.676393238995688,3.741452721954539,3.839813560781967,3.8446046111655447,3.955987946308588,3.899120228995895,5.972375935972224,6.54848914366643,6.634978866451512,83.8,100.0,76.4434752105739,Malaysia,2023,11,22.0,22.003918
29.456451612903223,41.35376344086021,37.118817204301074,40.4005376344086,987.1760752688172,1.0,3.416297847342441,3.7460572823412894,3.6407080500858617,3.723293867085319,6.895860895704504,4.676299055677886,0.404005376344086,0.2467940188172042,-2.0356898761650704,3.566187267505412,3.67132919506974,3.4424503943918263,3.769600573868544,3.857333956642864,3.7689734425238752,5.457778212556941,6.019403346784219,5.062056715541424,83.8,100.0,76.4434752105739,Malaysia,2023,12,22.0,22.01609
15.037537537537538,22.17207207207208,9.515315315315314,37.37087087087088,286.00600600600603,0.8951612903225806,2.7749320705493066,3.142947763538192,2.3528327958962416,3.647298600661991,5.659503142390853,1.6916672913759363,0.3737087087087088,0.0715015015015015,0.0,2.7749320705493066,2.7749320705493066,2.7749320705493066,2.3528327958962416,2.3528327958962416,2.3528327958962416,1.6916672913759363,1.6916672913759363,1.6916672913759363,48.9,73.6,30.311095757938,Myanmar,2022,8,2.0,2.005752
16.79347222222222,24.47111111111112,9.827638888888888,36.02777777777778,318.7583333333333,1.0,2.878831660947843,3.237544912347317,2.3821020214442665,3.611668381722599,5.767565502146969,1.816811386416248,0.3602777777777778,0.0796895833333333,0.0,2.826881865748575,2.826881865748575,2.7749320705493066,2.367467408670254,2.367467408670254,2.3528327958962416,1.7542393388960922,1.7542393388960922,1.6916672913759363,48.9,73.6,30.311095757938,Myanmar,2022,9,2.0,2.0123286
25.08763440860216,36.32661290322581,14.03736559139785,55.88709677419355,492.9247311827957,1.0,3.261461424612458,3.619706554902229,2.7105381430329443,4.041068545190961,6.202383139552311,2.6539189739586275,0.5588709677419356,0.1232311827956989,0.0,2.971741718703202,2.971741718703202,2.878831660947843,2.4818243201244843,2.4818243201244843,2.3821020214442665,2.054132550583604,2.054132550583604,1.816811386416248,48.9,73.6,30.311095757938,Myanmar,2022,10,2.0,1.9929849
36.52486111111112,52.37875,19.82125,57.266666666666666,624.6027777777778,1.0,3.6250036762764632,3.97741272669208,3.0359740998091804,4.065030174553326,6.438715629403114,3.805176482894352,0.5726666666666667,0.1561506944444444,0.0,3.2550989206122547,3.1350572080965176,3.261461424612458,2.709538088095464,2.6203617650456583,2.7105381430329443,2.7586356144230755,2.491893533661291,2.6539189739586275,48.9,73.6,30.311095757938,Myanmar,2022,11,2.0,2.008995
36.4733870967742,52.76182795698925,13.976075268817205,68.36290322580645,561.0295698924731,1.0,3.623631003616786,3.984563697812973,2.7064539456852934,4.239352188946443,6.33155446397658,3.192976051815054,0.6836290322580645,0.1402573924731182,1.2595801060149356,3.5033653681685686,3.2327719672005717,3.6250036762764632,2.8176553961758057,2.637580201173585,3.0359740998091804,3.2173571695560117,2.632110037292043,3.805176482894352,48.9,73.6,30.311095757938,Myanmar,2022,12,2.0,1.9832466
42.26142473118279,60.802553763440855,23.519220430107527,72.58467741935483,710.6653225806451,1.0,3.767261354129216,4.123944686642895,3.1994573173369645,4.298436816823833,6.567607748347368,4.458600147900876,0.7258467741935484,0.1776663306451612,1.333797021489133,3.6719653446741543,3.3218535316886797,3.623631003616786,2.9806284542771464,2.731226387200815,2.7064539456852934,3.8189175608700943,2.936525055726849,3.192976051815054,53.5,76.8,30.3820718069466,Myanmar,2023,1,2.0,2.0234542
35.67752976190476,52.02916666666666,7.645833333333333,92.8407738095238,458.8422619047619,1.0,3.6021642994798984,3.970842076650056,2.157077509322807,4.5415994503632655,6.130883521773748,2.335741622288576,0.928407738095238,0.1147105654761904,0.6680141190116942,3.6643522190753,3.4597255698437777,3.767261354129216,2.687662924115022,2.6986005061052425,3.1994573173369645,3.329105940668169,3.043870777545622,4.458600147900876,53.5,76.8,30.3820718069466,Myanmar,2023,2,2.0,2.0095868
38.07513440860215,55.83857526881721,5.46263440860215,88.4986559139785,445.9959677419355,1.0,3.665486316061117,4.040215237271141,1.8660370378545768,4.494223607447132,6.102549573861328,2.039561420171414,0.884986559139785,0.1114989919354838,0.7638619391598076,3.678303989890077,3.590834679029323,3.6021642994798984,2.407523954838116,2.612589675506961,2.157077509322807,2.944634396786956,3.080995783171484,2.335741622288576,53.5,76.8,30.3820718069466,Myanmar,2023,3,2.0,1.985155
29.941944444444445,45.67638888888889,3.557222222222222,85.87916666666666,303.3888888888889,1.0,3.432112688821296,3.843238445576153,1.5167132761184938,4.4645182643655295,5.718306123642251,1.4595214979870694,0.8587916666666666,0.0758472222222222,0.084181742517451,3.5665877681207703,3.619276556397463,3.665486316061117,1.846609274431959,2.4136188643545524,1.8660370378545768,1.9449415134823536,2.8819295371762235,2.039561420171414,53.5,76.8,30.3820718069466,Myanmar,2023,4,2.0,1.9995282
18.62016129032258,29.46518817204301,6.043817204301075,62.935483870967744,266.8817204301075,1.0,2.976557674813039,3.416584660344537,1.9521502397437285,4.157874510404787,5.59054554141225,1.5002456542400815,0.6293548387096775,0.0667204301075268,-1.1900636939013338,3.358052226565151,3.5112022228202253,3.432112688821296,1.7783001845722664,2.232981554343644,1.5167132761184938,1.6664428574661887,2.4977743990671786,1.4595214979870694,53.5,76.8,30.3820718069466,Myanmar,2023,5,2.0,1.9987489
14.697916666666666,22.102083333333333,9.278333333333332,45.31666666666667,289.2527777777778,1.0,2.753528007158659,3.1399228010512794,2.330038119775346,3.835501867520403,5.670752190826014,1.6514973214564344,0.4531666666666667,0.0723131944444444,-1.667581107213665,3.0540661235976647,3.366185056743871,2.976557674813039,1.9329672118791892,2.170245583358653,1.9521502397437285,1.5370881578945286,2.2408612773407417,1.5002456542400815,53.5,76.8,30.3820718069466,Myanmar,2023,6,2.0,1.9972478
8.562903225806451,13.302284946236558,3.3096774193548386,41.00537634408602,187.7083333333333,1.0,2.2578913656682302,2.660419310951476,1.460863056617399,3.737797618283543,5.240202613208268,0.7528671522994255,0.4100537634408601,0.0469270833333333,-2.679680130299616,2.662659015879976,3.114623392000373,2.753528007158659,1.9143504720454916,1.880479873238725,2.330038119775346,1.3015367093319807,1.6232391114071667,1.6514973214564344,53.5,76.8,30.3820718069466,Myanmar,2023,7,2.0,1.9932367
12.599596774193548,21.10497311827957,3.152956989247312,43.70564516129032,199.18682795698925,1.0,2.6100401433461107,3.0958026111851606,1.4238206080448574,3.8000997836073696,5.29925107029594,0.8913583646423187,0.4370564516129032,0.0497967069892473,-1.267025644336218,2.540486505391,2.9492693659780755,2.2578913656682302,1.7382405948125343,1.7582703896924003,1.460863056617399,1.0985742794660596,1.3825085684661238,0.7528671522994255,53.5,76.8,30.3820718069466,Myanmar,2023,8,2.0,1.9967928
10.254444444444443,15.525,3.9579166666666654,45.019444444444446,241.23055555555555,1.0,2.4207631123624864,2.80487438573775,1.6009856256191164,3.8290640124883817,5.489889981524847,0.900957674633765,0.4501944444444444,0.0603076388888888,-1.5802381652992326,2.4295648737922755,2.74181549869497,2.6100401433461107,1.4952230967604576,1.7140951543198235,1.4238206080448574,0.8483943971918366,1.1927412775431825,0.8913583646423187,53.5,76.8,30.3820718069466,Myanmar,2023,9,2.0,1.9994501
13.547177419354838,19.72043010752688,5.123387096774194,57.06182795698925,353.0430107526882,1.0,2.677396983001741,3.0311201752611105,1.8121153906141512,4.061508442031107,5.869418405054711,1.1781972159874876,0.5706182795698925,0.088260752688172,-0.9070028509355792,2.5694000795701126,2.6160295477250446,2.4207631123624864,1.612307208092708,1.7633288400691,1.6009856256191164,0.9901710850878574,1.1458538972099188,0.900957674633765,53.5,76.8,30.3820718069466,Myanmar,2023,10,2.0,1.9981997
16.444583333333334,23.749166666666667,5.987916666666667,70.09305555555555,479.35277777777776,1.0,2.8590291897638336,3.208791818414181,1.9441824669955907,4.263989660527849,6.174520787659424,1.403344538009505,0.7009305555555555,0.1198381944444444,-0.4653213947497986,2.6523964283760204,2.59644146688351,2.677396983001741,1.7857611610762862,1.7620008779444103,1.8121153906141512,1.1608331428769196,1.1297037111714892,1.1781972159874876,53.5,76.8,30.3820718069466,Myanmar,2023,11,2.0,2.004535
15.47016129032258,22.7622311827957,5.633870967741936,66.55645161290323,460.7661290322581,1.0,2.8015503371180754,3.1680973950854647,1.8921884901912869,4.212963568548773,6.135058548696175,1.3202794595072174,0.6655645161290323,0.1151915322580645,-0.4707797469320811,2.7793255032945496,2.604445188543413,2.8590291897638336,1.882828782600343,1.6890259396804002,1.9441824669955907,1.3006070711680702,1.074500734179953,1.403344538009505,53.5,76.8,30.3820718069466,Myanmar,2023,12,2.0,2.0028384
17.814006024096386,26.252560240963856,17.087500000000002,59.61085972850679,408.60993975903614,0.8924731182795699,2.934601593741926,3.3051474704927104,2.8952210919576022,4.104474080460957,6.015205340420693,2.4673744261329573,0.5961085972850679,0.102152484939759,0.0,2.934601593741926,2.934601593741926,2.934601593741926,2.8952210919576022,2.8952210919576022,2.8952210919576022,2.4673744261329573,2.4673744261329573,2.4673744261329573,57.6,94.8,54.7902343568327,Philippines,2022,8,5.0,5.021555
11.685972222222222,17.859583333333333,10.821666666666667,50.67083333333333,254.30277777777772,1.0,2.540496833568935,2.937021184349036,2.4699340059859405,3.944893470160781,5.5424502046339095,1.5903565390491206,0.5067083333333333,0.0635756944444444,0.0,2.7375492136554307,2.7375492136554307,2.934601593741926,2.682577548971772,2.682577548971772,2.8952210919576022,2.028865482591039,2.028865482591039,2.4673744261329573,57.6,94.8,54.7902343568327,Philippines,2022,9,5.0,4.9947205
16.356720430107526,24.27916666666667,13.188306451612904,69.84005376344086,333.1733870967742,1.0,2.853979776069071,3.2299806046003066,2.6524181360305867,4.2604245718561975,5.8116599813231815,2.07710106434721,0.6984005376344087,0.0832933467741935,0.0,2.776359401126644,2.776359401126644,2.540496833568935,2.67252441132471,2.67252441132471,2.4699340059859405,2.044944009843096,2.044944009843096,1.5903565390491206,57.6,94.8,54.7902343568327,Philippines,2022,10,5.0,4.99719
14.412083333333335,21.835277777777776,15.435277777777776,59.64305555555556,319.3361111111111,1.0,2.735151833791425,3.128306611125172,2.799430108572244,4.105005128513796,5.7693707917873045,2.109286654802905,0.5964305555555556,0.0798340277777777,0.0,2.7098761478098106,2.766057509292839,2.853979776069071,2.6405940835295905,2.7042508356365933,2.6524181360305867,1.9255814193997447,2.061029671083048,2.07710106434721,57.6,94.8,54.7902343568327,Philippines,2022,11,5.0,4.993326
15.438306451612904,23.48077956989248,15.440725806451612,73.90456989247312,368.1680107526882,1.0,2.7996143704295795,3.1978883023124247,2.799761537464429,4.316214901912583,5.911251854109623,2.1834773039137723,0.7390456989247312,0.092042002688172,0.1959630261035588,2.796248660096692,2.772768881520187,2.735151833791425,2.75053659402242,2.72335297600216,2.799430108572244,2.123288341021296,2.085519197649193,2.109286654802905,57.6,94.8,54.7902343568327,Philippines,2022,12,5.0,4.986264
11.578091397849462,18.3853494623656,13.083333333333334,75.5497311827957,320.6666666666667,1.0,2.5319565225800007,2.96451759842316,2.644992065135073,4.337940610442344,5.773515812670876,1.7405747850745383,0.755497311827957,0.0801666666666666,-1.6155804170488648,2.6889075756003344,2.732633488363489,2.7996143704295795,2.748061237057249,2.7102928241909794,2.799761537464429,2.011112914597072,2.028028462220084,2.1834773039137723,59.5,98.0,55.1242716168851,Philippines,2023,1,5.0,5.0041738
18.647767857142856,28.25565476190476,13.198511904761904,87.18005952380952,368.0044642857143,1.0,2.97796373680652,3.376072880186284,2.6531371636764867,4.479380854955755,5.910808742302612,2.218660794532307,0.8718005952380952,0.0920011160714285,1.4810321809511835,2.769844876605367,2.7398605122075885,2.5319565225800007,2.6992969220919965,2.6699455028107937,2.644992065135073,2.047570961173539,1.986576190286642,1.7405747850745383,59.5,98.0,55.1242716168851,Philippines,2023,2,5.0,5.0119653
15.59731182795699,24.20013440860216,10.53467741935484,96.34408602150538,284.38575268817203,1.0,2.8092407441742315,3.2268493281778423,2.4453579258558173,4.578251980322184,5.653841783292714,1.8128025193970505,0.9634408602150536,0.071096438172043,0.2342975913173102,2.7730536678535844,2.7846511639751377,2.97796373680652,2.581162384889126,2.665849489455773,2.6531371636764867,1.924012699667965,2.0236505203446304,2.218660794532307,59.5,98.0,55.1242716168851,Philippines,2023,3,5.0,5.0032535
24.429583333333333,36.67333333333333,13.506944444444445,100.40972222222224,433.9513888888889,1.0,3.235913194452502,3.6289525055335874,2.674627461980565,4.619168966464471,6.075234275163508,2.5689259424290896,1.0040972222222224,0.1084878472222222,2.808339349540064,3.0077058918110846,2.84830673370571,2.8092407441742315,2.59104085050429,2.669551043780769,2.4453579258558173,2.2001297521194823,2.105621333358277,1.8128025193970505,59.5,98.0,55.1242716168851,Philippines,2023,4,5.0,4.994491
17.75524193548387,26.58655913978495,10.155913978494624,85.94086021505376,317.2056451612903,1.0,2.9314732832365125,3.317328666417137,2.4119697589515976,4.465228119864743,5.762697856668035,1.8990561327361264,0.8594086021505376,0.0793014112903225,0.4910664496497528,2.992209073954416,2.881026975279891,3.235913194452502,2.5106517155959938,2.6049743188439947,2.674627461980565,2.0935948648540883,2.070582913013814,2.5689259424290896,59.5,98.0,55.1242716168851,Philippines,2023,5,5.0,5.0043063
17.318194444444444,26.104444444444447,12.421944444444444,69.45833333333333,296.74305555555554,1.0,2.9078947978630123,3.2996977160788727,2.596891012586105,4.255021518550635,5.69623088489224,2.074249981400387,0.6945833333333333,0.0741857638888888,0.3494450836412056,3.0250937585173427,2.899073713185464,2.9314732832365125,2.5611627445060887,2.5711625646976075,2.4119697589515976,2.180744018855201,2.052378359261583,1.8990561327361264,59.5,98.0,55.1242716168851,Philippines,2023,6,5.0,4.992813
19.38252688172043,29.605376344086025,11.147177419354838,71.70967741935483,232.0228494623656,1.0,3.0146780084168303,3.4211756910444846,2.4970968316339284,4.286474490114576,5.451136515119593,2.078751865836576,0.7170967741935483,0.0580057123655914,0.8693964860490755,2.951348696505452,2.9795272941582684,2.9078947978630123,2.5019858677238767,2.5465133591140834,2.596891012586105,2.0173526599910296,2.108741206055256,2.074249981400387,59.5,98.0,55.1242716168851,Philippines,2023,7,5.0,5.0085077
9.25255376344086,15.627822580645162,5.621370967741936,54.685483870967744,152.34274193548387,1.0,2.327526822205062,2.811077351417973,1.8903024433328093,4.019719500238356,5.032675559381364,1.0199219293973223,0.5468548387096774,0.0380856854838709,-2.6938351670954908,2.750033209494968,2.871121141724692,3.0146780084168303,2.3280967625176143,2.419374239056804,2.4970968316339284,1.7243079255447615,1.908951395199425,2.078751865836576,59.5,98.0,55.1242716168851,Philippines,2023,8,5.0,4.989817
19.995416666666667,30.07611111111111,11.8425,73.84583333333333,251.82222222222225,1.0,3.0443041599343057,3.43643939254552,2.552759983359286,4.315430442426845,5.532686562769396,2.1762156229335363,0.7384583333333333,0.0629555555555555,0.97057340961658,2.795502996852066,2.910298377684704,2.327526822205062,2.313386419442008,2.4372745819740484,1.8903024433328093,1.758296472722478,1.9695202457888397,1.0199219293973223,59.5,98.0,55.1242716168851,Philippines,2023,9,5.0,4.9888773
16.11706989247312,24.44274193548388,14.616397849462366,65.63844086021506,281.51881720430106,1.0,2.8400762049249795,3.236430513146879,2.748321506386569,4.199281601129529,5.643745157940924,2.17059211145705,0.6563844086021505,0.0703797043010752,-0.0308754997934117,2.737302395688116,2.844325546096784,3.0443041599343057,2.397127977692888,2.4495569227083824,2.552759983359286,1.7889098879293028,1.903131273960166,2.1762156229335363,59.5,98.0,55.1242716168851,Philippines,2023,10,5.0,5.002694
11.299722222222222,17.524305555555557,11.40875,59.859722222222224,227.04305555555555,1.0,2.50957667856419,2.919083683599908,2.5184018689217944,4.108571580249112,5.429534451282328,1.6057129625358184,0.5985972222222222,0.0567607638888888,-1.405276324490477,2.7979856811411583,2.7740094453180637,2.8400762049249795,2.606494452889216,2.467295607703415,2.748321506386569,1.9841735656421349,1.854240745593448,2.17059211145705,59.5,98.0,55.1242716168851,Philippines,2023,11,5.0,5.0038857
9.074193548387097,13.955779569892474,9.876881720430108,58.11693548387097,196.03091397849465,1.0,2.3099770598038867,2.7050978184326024,2.386639593770167,4.079517439773283,5.283360640175449,1.3388408149269229,0.5811693548387097,0.0490077284946236,-2.0111803075206005,2.553209981097685,2.674356488974876,2.50957667856419,2.551120989692844,2.432253704567425,2.5184018689217944,1.7050486296399303,1.7316725511812043,1.6057129625358184,59.5,98.0,55.1242716168851,Philippines,2023,12,5.0,4.9958067
25.16159638554217,37.20843373493976,15.10316265060241,66.67771084337349,396.6039156626506,0.8924731182795699,3.2642925486392773,3.643056269646129,2.7790156906246297,4.214756891489742,5.985456322980029,2.7568811463668617,0.6667771084337349,0.0991509789156626,0.0,3.2642925486392773,3.2642925486392773,3.2642925486392773,2.7790156906246297,2.7790156906246297,2.7790156906246297,2.7568811463668617,2.7568811463668617,2.7568811463668617,100.0,100.0,100.0,Singapore,2022,8,49.0,48.99165
27.308055555555555,40.12277777777778,18.83763888888889,69.00277777777778,442.34722222222223,1.0,3.343146412750667,3.716562171826833,2.987581087158271,4.24853492380171,6.09435326037777,3.207551369232523,0.6900277777777778,0.1105868055555555,0.0,3.303719480694972,3.303719480694972,3.2642925486392773,2.8832983888914505,2.8832983888914505,2.7790156906246297,2.982216257799692,2.982216257799692,2.7568811463668617,100.0,100.0,100.0,Singapore,2022,9,49.0,49.001167
13.918951612903228,20.57244623655913,29.550940860215057,66.38306451612904,399.31451612903226,1.0,2.70263232507507,3.071416863176065,3.419395482531756,4.2103937180384,5.992250528466274,2.868163579536908,0.6638306451612904,0.099828629032258,0.0,3.103357095488338,3.103357095488338,3.343146412750667,3.0619974201048854,3.0619974201048854,2.987581087158271,2.944198698378764,2.944198698378764,3.207551369232523,100.0,100.0,100.0,Singapore,2022,10,49.0,49.00487
19.08236111111111,28.299166666666668,30.727083333333333,72.2388888888889,473.9513888888889,1.0,2.9998418731256256,3.377559074207863,3.4571706799497544,4.29372654886776,6.163212459616344,3.4244570374232186,0.722388888888889,0.1184878472222222,0.0,3.0152068703171206,3.07747828989766,2.70263232507507,3.2880490832132607,3.160790735066102,3.419395482531756,3.16672399539755,3.0642632831398777,2.868163579536908,100.0,100.0,100.0,Singapore,2022,11,49.0,49.002132
20.11908602150537,30.576612903225808,19.342741935483872,69.84946236559139,389.0067204301075,1.0,3.050177182404745,3.452416748585956,3.012724186622727,4.260557377760564,5.966163970847296,2.789832571649343,0.698494623655914,0.0972516801075268,-0.0941947743209706,2.9175504602018134,3.072018068399077,2.9998418731256256,3.296430116368079,3.131177425377428,3.4571706799497544,3.027484396203157,3.009377140841771,3.4244570374232186,100.0,100.0,100.0,Singapore,2022,12,49.0,49.0003
23.535080645161287,35.5994623655914,20.43064516129032,87.44489247311827,495.5752688172043,1.0,3.200103956480067,3.6000335508347137,3.0648219145521707,4.482379674146168,6.207735070821478,3.101086524119061,0.8744489247311827,0.123893817204301,0.5096875491401021,3.0833743373368123,3.0933657164125754,3.050177182404745,3.178238927041551,3.120118173573218,3.012724186622727,3.1051253777305408,3.0246620380546525,2.789832571649343,100.0,100.0,100.0,Singapore,2023,1,49.0,49.000053
14.21279761904762,22.681696428571428,14.51235119047619,63.54613095238095,305.7485119047619,1.0,2.722137022233865,3.16470244716988,2.7416365576064665,4.16738017672601,5.726028232413033,2.0310643044806973,0.6354613095238095,0.0764371279761904,-1.6086220841736607,2.9908060537062258,3.003006462011673,3.200103956480067,2.939727552927121,3.1138883180701917,3.0648219145521707,2.640661133416367,2.9036925644069584,3.101086524119061,100.0,100.0,100.0,Singapore,2023,2,49.0,49.0037
15.352956989247312,24.45309139784946,17.246236559139785,69.70833333333333,335.98252688172045,1.0,2.7944087366023145,3.2368372050833467,2.9039588428255243,4.25856343488628,5.820031079992488,2.3012202333495058,0.6970833333333333,0.0839956317204301,-0.971585843270444,2.905549905105416,2.9115501826536145,2.722137022233865,2.9034724383280537,3.099951277348066,2.7416365576064665,2.4777903539830883,2.7526373750931223,2.0310643044806973,100.0,100.0,100.0,Singapore,2023,3,49.0,48.998554
32.53638888888889,47.90291666666666,33.05708333333333,93.10555555555555,590.7138888888888,1.0,3.512631084793344,3.889837040237208,3.5280380383714904,4.544417083696171,6.383023222263154,4.638012761659331,0.9310555555555556,0.1476784722222222,2.0125536720100854,3.0097256145431746,3.046549975939994,2.7944087366023145,3.057877812934494,3.1180583699880224,2.9039588428255243,2.9900990998298447,3.047612238780193,2.3012202333495058,100.0,100.0,100.0,Singapore,2023,4,49.0,48.99502
21.7619623655914,32.20846774193548,19.518413978494625,69.33870967741936,381.0510752688172,1.0,3.125090825470729,3.502804895870028,3.021322725819064,4.253322282797675,5.945554304561065,2.914649174209593,0.6933870967741936,0.0952627688172043,0.2071644328948561,3.1440435489554623,3.0674248013308443,3.512631084793344,3.1511065356720263,3.045417044299574,3.5280380383714904,3.2846273897394767,2.9626442615779216,4.638012761659331,100.0,100.0,100.0,Singapore,2023,5,49.0,49.00179
17.845555555555556,26.715972222222224,18.747916666666665,64.36666666666666,343.58194444444445,1.0,2.936277106547528,3.3220088615356755,2.983048000551105,4.18001244453419,5.842331927028859,2.586762410527592,0.6436666666666666,0.0858954861111111,-0.4970947898291167,3.191333005603868,3.048441455354641,3.125090825470729,3.17746958824722,3.0404710132876374,3.021322725819064,3.3798081154655057,2.9287992347242966,2.914649174209593,100.0,100.0,100.0,Singapore,2023,6,49.0,48.998695
12.688440860215056,19.86989247311828,27.428360215053765,47.05645161290322,246.25806451612905,1.0,2.616551743860176,3.0383075688534253,3.347387246020355,3.872376395141942,5.510432586820769,2.638268850899715,0.4705645161290321,0.0615645161290322,-1.6947465867724856,2.8926398919594773,2.951182753251326,2.936277106547528,3.117252657463508,3.0875652351990013,2.983048000551105,2.713226811878967,2.851662955854406,2.586762410527592,100.0,100.0,100.0,Singapore,2023,7,49.0,48.996586
13.636424731182796,21.711693548387096,24.188844086021504,52.831989247311824,252.255376344086,1.0,2.683513266357572,3.122879926141417,3.22640120149987,3.985867886140712,5.534398372297671,2.5684600511331626,0.5283198924731183,0.0630638440860215,-1.210393821884506,2.745447372255092,2.944745460605277,2.616551743860176,3.18561214935711,3.168359342514568,3.347387246020355,2.5978304375201566,2.9412289136298164,2.638268850899715,100.0,100.0,100.0,Singapore,2023,8,49.0,48.99888
14.932638888888889,23.62708333333333,24.932777777777776,59.78888888888889,308.75416666666666,1.0,2.768369765500116,3.2038467858484405,3.255507719836044,4.107407023733561,5.735778972127146,2.7287805593431997,0.5978888888888889,0.0771885416666666,-0.7225953050056784,2.689478258572621,2.940405632088245,2.683513266357572,3.2764320557854227,3.2269508220163217,3.22640120149987,2.645169820458692,3.012488967962099,2.5684600511331626,100.0,100.0,100.0,Singapore,2023,9,49.0,49.00403
21.977016129032258,33.35672043010753,36.59879032258065,53.91532258064516,439.260752688172,1.0,3.134494417559556,3.536797645241331,3.626971877606519,4.005792409403975,6.087367171128416,4.010815890121172,0.5391532258064516,0.109815188172043,0.7891134463472186,2.8621258164724144,2.8773828542159463,2.768369765500116,3.369626932980811,3.24343979522216,3.255507719836044,3.1026855001991778,2.9079561560390723,2.7287805593431997,100.0,100.0,100.0,Singapore,2023,10,49.0,49.00384
18.72055555555556,27.854444444444447,52.592083333333335,39.00972222222222,388.65833333333336,1.0,2.9816615209660764,3.3622640346226844,3.981401358163209,3.689122480136276,5.965270286775451,4.437461025911269,0.3900972222222222,0.0971645833333333,0.0756227308557642,2.961508568008582,2.853477970131838,3.134494417559556,3.621293651868591,3.40345290061285,3.626971877606519,3.725685825125213,3.161758131322685,4.010815890121172,100.0,100.0,100.0,Singapore,2023,11,49.0,48.989975
11.655779569892472,18.793817204301074,34.51559139784946,37.545698924731184,288.8817204301075,1.0,2.538113993829725,2.9853696265273952,3.5699717943694,3.651844522441893,5.669472979196932,2.836568790132932,0.3754569892473118,0.0722204301075268,-1.6228053370503102,2.884756644118452,2.787117451345537,2.9816615209660764,3.726115010046376,3.5012735329158997,3.981401358163209,3.7616152353884575,3.2033925279235755,4.437461025911269,100.0,100.0,100.0,Singapore,2023,12,49.0,48.997932
21.06421052631579,30.56842105263157,22.641353383458647,59.09924812030075,526.0766917293233,0.8938172043010753,3.0939568626259737,3.4521572871484683,3.162997440622488,4.09599733098538,6.267346063056692,3.088437256186,0.5909924812030075,0.1315191729323308,0.0,3.0939568626259737,3.0939568626259737,3.0939568626259737,3.162997440622488,3.162997440622488,3.162997440622488,3.088437256186,3.088437256186,3.088437256186,86.0,99.9,59.742374420166,Thailand,2022,8,11.0,6.9738235
29.960972222222225,43.42472222222222,32.18694444444444,80.4039270687237,807.6916666666667,1.0,3.432727450755035,3.793796121285595,3.502156558958298,4.399423515932301,6.695417715444586,4.3917016028373554,0.804039270687237,0.2019229166666666,0.0,3.2633421566905043,3.2633421566905043,3.0939568626259737,3.332576999790393,3.332576999790393,3.162997440622488,3.740069429511678,3.740069429511678,3.088437256186,86.0,99.9,59.742374420166,Thailand,2022,9,11.0,9.892006
65.97446236559139,95.14677419354838,67.54368279569893,112.07112970711296,1697.5174731182797,1.0,4.204311388009,4.565875921742898,4.227471247067419,4.72801708711607,7.437511074929696,9.44050651039263,1.1207112970711297,0.4243793682795699,0.0,3.576998567130002,3.576998567130002,3.432727450755035,3.630875082216068,3.630875082216068,3.502156558958298,5.640215123138662,5.640215123138662,4.3917016028373554,86.0,99.9,59.742374420166,Thailand,2022,10,11.0,11.033578
76.55430555555556,110.24194444444444,76.36694444444444,128.82276657060518,1894.670833333333,1.0,4.350978407817755,4.711707508936517,4.34855961501227,4.866170186197887,7.547328056631702,10.813157170173875,1.2882276657060518,0.4736677083333332,0.0,3.996005748860597,3.770493527301941,4.204311388009,4.026062473679329,3.810296215415119,4.227471247067419,8.21512176113462,6.933450634897466,9.44050651039263,86.0,99.9,59.742374420166,Thailand,2022,11,11.0,11.0022955
67.92137096774194,98.00887096774194,87.96102150537635,112.57027027027029,2124.646505376344,1.0,4.232966303622967,4.595209451855003,4.488198313185631,4.732421766668886,7.661831272911737,10.93108702039115,1.125702702702703,0.531161626344086,0.7648102469124437,4.262752033149908,3.862988082566146,4.350978407817755,4.354743058421774,3.945876634969221,4.34855961501227,10.39491690031922,7.732977911996203,10.813157170173875,86.0,99.9,59.742374420166,Thailand,2022,12,11.0,11.000518
67.21129032258064,96.71155913978494,78.19663978494624,123.49862258953168,2015.860215053764,1.0,4.2226100983998975,4.582019864637713,4.3719338709625815,4.824294652305663,7.609297232158354,10.252509018612256,1.2349862258953168,0.5039650537634409,0.6387155915964626,4.268851603280207,3.922925085205105,4.232966303622967,4.402897266386828,4.016886174301448,4.488198313185631,10.665584403059093,8.152899763098878,10.93108702039115,86.8,100.0,60.9341926574707,Thailand,2023,1,11.0,11.330535
82.68125,119.38214285714288,78.66473214285713,119.42222222222222,2106.754464285714,1.0,4.427014938063553,4.790671206734933,4.377826980242928,4.7910040857957945,7.653378424834329,11.405348205545158,1.194222222222222,0.5266886160714286,0.960972825942244,4.294197113362139,4.145101431111368,4.2226100983998975,4.412653054797048,4.219357764238189,4.3719338709625815,10.86298141484952,9.539051587992072,10.252509018612256,86.8,100.0,60.9341926574707,Thailand,2023,2,11.0,11.317492
67.61841397849462,98.61290322580643,52.141129032258064,116.43776223776224,1540.8225806451612,1.0,4.22856092405469,4.601291706659521,3.972951186478907,4.765908510169699,7.340720489556235,8.39726199211306,1.1643776223776223,0.3852056451612903,0.4533119559045569,4.292728653506047,4.277740343327977,4.427014938063553,4.240904012561472,4.297823535491623,4.377826980242928,10.018373072090156,10.206644986204688,11.405348205545158,86.8,100.0,60.9341926574707,Thailand,2023,3,11.0,11.319477
46.83208333333333,69.73152777777777,25.806527777777777,136.09610027855155,783.6208333333333,1.0,3.867696613785928,4.25889141095286,3.288645431655208,4.920682141805964,6.665200586231157,4.916448839218955,1.3609610027855157,0.1959052083333333,-0.3230744519598779,4.174424158634724,4.2216378809574655,4.22856092405469,3.879807866125681,4.141352566256255,3.972951186478907,8.239686345625726,9.452635374342409,8.39726199211306,86.8,100.0,60.9341926574707,Thailand,2023,4,11.0,10.635852
32.92701612903226,49.27150537634409,24.7375,115.9553450608931,711.1975806451613,1.0,3.524211632961209,3.917438423075573,3.247949072353908,4.761792195798482,6.568355373821847,4.0361666504046525,1.159553450608931,0.1777993951612903,-1.0583251229189454,3.873489723600609,4.083843418481374,3.867696613785928,3.503181896829341,3.957917475813194,3.288645431655208,5.783292493912223,8.323136954380871,4.916448839218955,86.8,100.0,60.9341926574707,Thailand,2023,5,11.0,12.593822
17.33125,25.749583333333334,19.10611111111111,69.02777777777777,438.93611111111113,1.0,2.9086072537436243,3.286518896896716,3.0010238042343027,4.24889198873181,6.086629514349271,2.5734521102769503,0.6902777777777778,0.1097340277777777,-2.301612779815332,3.4335051668302534,3.8631169101681504,3.524211632961209,3.179206102747806,3.71005505765464,3.247949072353908,3.842022533300186,6.930197802695172,4.0361666504046525,86.8,100.0,60.9341926574707,Thailand,2023,6,11.0,14.181801
10.839112903225807,16.71290322580645,12.347177419354836,47.14381720430107,214.0739247311828,1.0,2.471408702934901,2.8742933697996804,2.5913049332301314,3.8741927230273134,5.370981804988616,1.636046760239739,0.4714381720430107,0.0535184811827957,-2.59553683925419,2.968075863213245,3.5712500109239844,2.9086072537436243,2.946759269939448,3.4132835680325644,3.0010238042343027,2.7485551736404474,5.494120759633085,2.5734521102769503,86.8,100.0,60.9341926574707,Thailand,2023,7,11.0,14.335851
9.265591397849462,14.347983870967742,12.05255376344086,40.43279569892473,218.2486559139785,1.0,2.328797661850732,2.730984121495943,2.568983805308901,3.724072733873573,5.39020650085256,1.4944834456939011,0.4043279569892473,0.0545621639784946,-2.1813782347282284,2.569604539509752,3.2215471315551807,2.471408702934901,2.720437514257778,3.111809705543559,2.5913049332301314,1.901327438736864,3.842309966324543,1.636046760239739,86.8,100.0,60.9341926574707,Thailand,2023,8,11.0,14.264096
16.602777777777778,24.129444444444445,14.697638888888887,59.63333333333333,279.6694444444444,1.0,2.8680567178733614,3.2240402440466847,2.75351031180192,4.104844796855967,5.637177622595709,2.20917012622499,0.5963333333333334,0.0699173611111111,-1.087132277113228,2.5560876942196646,2.9947964305249597,2.328797661850732,2.637933016780317,2.908569559764062,2.568983805308901,1.7799001107195431,2.810961322009865,1.4944834456939011,86.8,100.0,60.9341926574707,Thailand,2023,9,11.0,14.281168
38.62204301075269,55.71935483870968,27.61908602150537,96.73387096774194,561.6572580645161,1.0,3.679385605078594,4.0381155076653465,3.3540738386604896,4.58224818236345,6.332670664898668,4.618886290525582,0.9673387096774192,0.140414314516129,0.0549950842576642,2.958746661600896,2.9634112624070705,2.8680567178733614,2.8921893185904373,2.9194742942649423,2.75351031180192,2.774179954148157,2.7613675638943023,2.20917012622499,86.8,100.0,60.9341926574707,Thailand,2023,10,11.0,17.740803
35.46041666666667,51.73388888888889,40.25333333333334,81.1361111111111,711.1347222222222,1.0,3.596227197234221,3.9652583017974754,3.719731917596701,4.408377762765681,6.5682671101170165,5.343032794625581,0.8113611111111111,0.1777836805555555,0.0048474557273353,3.381223173395392,2.975413856452572,3.679385605078594,3.27577202268637,2.9981047684720745,3.3540738386604896,4.057029737125384,2.979178587931124,4.618886290525582,86.8,100.0,60.9341926574707,Thailand,2023,11,11.0,13.491293
36.27849462365592,51.67016129032258,38.41559139784946,81.84408602150538,771.5268817204301,1.0,3.618416608735345,3.964049095771273,3.67416145878468,4.416960359568652,6.649666806510052,5.279507223200749,0.8184408602150538,0.1928817204301075,0.1223266963820086,3.631343137016053,3.0937154156178592,3.596227197234221,3.5826557383472903,3.110294377563804,3.719731917596701,5.080475436117304,3.430187773418424,5.343032794625581,86.8,100.0,60.9341926574707,Thailand,2023,12,11.0,13.497297
25.67864661654136,37.52,34.98345864661654,33.11603053435115,509.93533834586464,0.8938172043010753,3.2838634932443487,3.651177586929925,3.583059350823462,3.5297673774720315,6.236243042756336,4.23869761132085,0.3311603053435115,0.1274838345864661,0.0,3.2838634932443487,3.2838634932443487,3.2838634932443487,3.583059350823462,3.583059350823462,3.583059350823462,4.23869761132085,4.23869761132085,4.23869761132085,98.1,100.0,37.5478515625,Vietnam,2022,8,11.0,14.131397
24.898333333333333,36.27291666666667,34.23722222222222,28.616457461645748,541.2569444444445,1.0,3.254178616570588,3.618266968187886,3.562102973393118,3.388330202147752,6.295739956345946,4.1290429188767135,0.2861645746164575,0.1353142361111111,0.0,3.2690210549074683,3.2690210549074683,3.2838634932443487,3.57258116210829,3.57258116210829,3.583059350823462,4.183870265098782,4.183870265098782,4.23869761132085,98.1,100.0,37.5478515625,Vietnam,2022,9,11.0,14.132684
27.379435483870967,40.19274193548387,38.37069892473118,47.163978494623656,621.3844086021505,1.0,3.3456647801975907,3.718262074221851,3.673021857521746,3.8746114075267513,6.433557922103998,4.583815170097316,0.4716397849462365,0.1553461021505376,0.0,3.2945689633375093,3.2945689633375093,3.254178616570588,3.6060613939127752,3.6060613939127752,3.562102973393118,4.317185233431626,4.317185233431626,4.1290429188767135,98.1,100.0,37.5478515625,Vietnam,2022,10,11.0,9.856924
28.27444444444444,41.7075,35.07069444444445,45.58888888888889,591.3666666666667,1.0,3.376714932171158,3.754374548839076,3.5854807474177925,3.8413620768404977,6.384125812523331,4.453323257293436,0.4558888888888889,0.1478416666666666,0.0,3.325519442979779,3.3151054555459214,3.3456647801975907,3.6068685261108855,3.6009162322890296,3.673021857521746,4.388727115422488,4.351219739397079,4.583815170097316,98.1,100.0,37.5478515625,Vietnam,2022,11,11.0,14.083752
32.91989247311828,48.68225806451613,40.53642473118279,52.33467741935484,658.6008064516129,1.0,3.5240016409044763,3.905647888776606,3.7265707466452622,3.976586727861065,6.491634813322072,5.166148939771655,0.5233467741935484,0.1646502016129032,3.7283595883380753,3.415460451091075,3.356884692617632,3.376714932171158,3.6616911171949336,3.626047135160276,3.5854807474177925,4.734429122387469,4.5142055794719935,4.453323257293436,98.1,100.0,37.5478515625,Vietnam,2022,12,11.0,9.45653
30.91061827956989,45.13548387096775,35.77311827956989,64.55913978494624,622.5215053763441,1.0,3.462938815833247,3.8315823691291495,3.604767096709823,4.18295263275456,6.435383255906743,4.702699658302003,0.6455913978494624,0.155630376344086,1.0074402630127242,3.4545517963029604,3.3745603798202346,3.5240016409044763,3.6389395302576255,3.622500462085201,3.7265707466452622,4.774057285122364,4.545621259276996,5.166148939771655,98.7,99.8,38.1298904418945,Vietnam,2023,1,11.0,6.1570134
21.72083333333333,32.40863095238095,23.776785714285715,61.34375,368.9270833333333,1.0,3.12328227158407,3.5088142783480225,3.2099071548854403,4.132663426524237,5.913305914144946,3.213881141866889,0.6134375,0.0922317708333333,-2.424652807525825,3.370074242773931,3.347796842876855,3.462938815833247,3.5137483327468417,3.560308429428864,3.604767096709823,4.360909913313516,4.374818514368003,4.702699658302003,98.7,99.8,38.1298904418945,Vietnam,2023,2,11.0,4.3008137
19.123252688172045,29.353091397849465,17.988172043010753,72.64516129032258,289.81048387096774,1.0,3.001875996587324,3.412898370567055,2.9438162612658227,4.299258442044649,5.672671796835399,2.622946279956212,0.7264516129032258,0.0724526209677419,-2.512345022297036,3.1960323613348804,3.3057464062129776,3.12328227158407,3.2528301709536955,3.457260644074315,3.2099071548854403,3.5131756933750347,4.123802407881251,3.213881141866889,98.7,99.8,38.1298904418945,Vietnam,2023,3,11.0,3.9970796
24.098472222222224,36.52944444444445,19.514722222222225,67.02083333333333,351.29027777777776,1.0,3.222806976644679,3.625125810064928,3.021142785574462,4.219814030802641,5.864455488536593,3.0668387352340685,0.6702083333333333,0.0878225694444444,-0.4288458723439496,3.115988414938691,3.285270105620826,3.001875996587324,3.058288733908576,3.348614132083101,2.9438162612658227,2.9678887190190566,3.870973002070711,2.622946279956212,98.7,99.8,38.1298904418945,Vietnam,2023,4,11.0,4.0210996
24.59166666666667,36.57647849462366,32.40268817204301,46.43010752688172,433.247311827957,1.0,3.2422667776587764,3.626378282692575,3.5086363809368804,3.859257206951684,6.073614214723141,3.992082430588889,0.4643010752688172,0.1083118279569892,-0.2832718285880256,3.155649916963593,3.2628620798687624,3.222806976644679,3.1578651425923887,3.3358067376696154,3.021142785574462,3.2272891485930564,3.794099530953286,3.0668387352340685,98.7,99.8,38.1298904418945,Vietnam,2023,5,11.0,6.2184296
28.39263888888889,41.69013888888889,36.27611111111111,41.60416666666666,527.9972222222223,1.0,3.3807442650659,3.753967954193692,3.618352668687051,3.751952057569011,6.270983180846823,4.538666154435657,0.4160416666666666,0.1319993055555555,0.6292211677187769,3.281939339789785,3.238985850562333,3.2422667776587764,3.3827106117327976,3.3177703913432466,3.5086363809368804,3.865862440086205,3.68951906673062,3.992082430588889,98.7,99.8,38.1298904418945,Vietnam,2023,6,11.0,6.2162094
19.953225806451613,29.25376344086021,26.533870967741937,42.49059139784946,371.27150537634407,1.0,3.042292610956596,3.4096205880065167,3.315416918341616,3.772544624996037,5.919623441222066,3.2540323260183066,0.4249059139784946,0.092817876344086,-1.678400898820082,3.2217678845604243,3.168878149749558,3.3807442650659,3.480801989321849,3.269545361615212,3.618352668687051,3.928260303680951,3.448074511350004,4.538666154435657,98.7,99.8,38.1298904418945,Vietnam,2023,7,11.0,6.222372
19.61061827956989,28.75,25.54408602150537,41.723118279569896,367.0981182795699,1.0,3.025806393461135,3.392829131991639,3.278806974156572,3.754740185423673,5.908349528390301,3.165234020631773,0.4172311827956989,0.0917745295698924,-1.5419179062104635,3.1496144231612107,3.152632170062402,3.042292610956596,3.404192187061746,3.2810286648270672,3.315416918341616,3.6526441670285785,3.439966657810817,3.2540323260183066,98.7,99.8,38.1298904418945,Vietnam,2023,8,11.0,6.213703
21.525,31.435,29.30736111111111,40.6125,431.8555555555556,1.0,3.114625803494401,3.4792380866650188,3.4113906239707097,3.728400602901144,6.070404082408008,3.552016182160961,0.4061249999999999,0.1079638888888889,-0.7774609780827645,3.060908269304044,3.1714238045469147,3.025806393461135,3.3352048388229663,3.358957725277882,3.278806974156572,3.323760842937014,3.5948116415116096,3.165234020631773,98.7,99.8,38.1298904418945,Vietnam,2023,9,11.0,6.2135506
26.172983870967744,38.22876344086021,36.03870967741936,51.13978494623656,546.7862903225806,1.0,3.302223239674252,3.669410238971682,3.6119635732483903,3.953928283952096,6.305885229722412,4.343364058233171,0.5113978494623656,0.1366965725806451,0.3560960572725609,3.147551812209929,3.184659848385177,3.114625803494401,3.434053723791891,3.4574278565568703,3.4113906239707097,3.686871420341969,3.8075658620114594,3.552016182160961,98.7,99.8,38.1298904418945,Vietnam,2023,10,11.0,6.220614
29.28361111111112,43.8475,35.33777777777778,50.52361111111111,601.5166666666667,1.0,3.4106066787608778,3.8032678455911086,3.592857910239065,3.9420401707821817,6.4011153274994985,4.54932465751854,0.5052361111111111,0.1503791666666666,0.9935958498909826,3.27581857397651,3.21271649856886,3.302223239674252,3.538737369152721,3.4714647781072343,3.6119635732483903,4.14823496597089,3.900439566499735,4.343364058233171,98.7,99.8,38.1298904418945,Vietnam,2023,11,11.0,6.230123
24.281720430107526,36.40497311827957,28.344758064516128,55.31989247311828,544.6491935483871,1.0,3.2300816219514514,3.62180366665761,3.379113929454796,4.031047802634865,6.301976266592988,3.710146873053994,0.5531989247311828,0.1361622983870967,-0.0429410330273716,3.3143038467955277,3.1876060580497856,3.4106066787608778,3.5279784709807505,3.431591654901858,3.592857910239065,4.200945196268568,3.762353019602792,4.54932465751854,98.7,99.8,38.1298904418945,Vietnam,2023,12,11.0,6.222087
